id,kode_provinsi,nama_provinsi,bps_kode_kabupaten_kota,bps_nama_kabupaten_kota,bulan,koridor,jumlah_penumpang,satuan,tahun
1,32,JAWA BARAT,3273,KOTA BANDUNG,JANUARI,KORIDOR 1 (CIBIRU - CIBEUREUM),33383,ORANG,2018
2,32,JAWA BARAT,3273,KOTA BANDUNG,JANUARI,KORIDOR 2 (CICAHEUM - CIBEUREUM),29704,ORANG,2018
3,32,JAWA BARAT,3273,KOTA BANDUNG,JANUARI,KORIDOR 3 (CICAHEUM - SARIJADI),12355,ORANG,2018
4,32,JAWA BARAT,3273,KOTA BANDUNG,JANUARI,KORIDOR 4 (ANTAPANI - LEUWIPANJANG),4173,ORANG,2018
5,32,JAWA BARAT,3273,KOTA BANDUNG,FEBRUARI,KORIDOR 1 (CIBIRU - CIBEUREUM),34937,ORANG,2018
6,32,JAWA BARAT,3273,KOTA BANDUNG,FEBRUARI,KORIDOR 2 (CICAHEUM - CIBEUREUM),36866,ORANG,2018
7,32,JAWA BARAT,3273,KOTA BANDUNG,FEBRUARI,KORIDOR 3 (CICAHEUM - SARIJADI),14497,ORANG,2018
8,32,JAWA BARAT,3273,KOTA BANDUNG,FEBRUARI,KORIDOR 4 (ANTAPANI - LEUWIPANJANG),3770,ORANG,2018
9,32,JAWA BARAT,3273,KOTA BANDUNG,MARET,KORIDOR 1 (CIBIRU - CIBEUREUM),37914,ORANG,2018
10,32,JAWA BARAT,3273,KOTA BANDUNG,MARET,KORIDOR 2 (CICAHEUM - CIBEUREUM),36501,ORANG,2018
11,32,JAWA BARAT,3273,KOTA BANDUNG,MARET,KORIDOR 3 (CICAHEUM - SARIJADI),16067,ORANG,2018
12,32,JAWA BARAT,3273,KOTA BANDUNG,MARET,KORIDOR 4 (ANTAPANI - LEUWIPANJANG),4428,ORANG,2018
13,32,JAWA BARAT,3273,KOTA BANDUNG,APRIL,KORIDOR 1 (CIBIRU - CIBEUREUM),25887,ORANG,2018
14,32,JAWA BARAT,3273,KOTA BANDUNG,APRIL,KORIDOR 2 (CICAHEUM - CIBEUREUM),29545,ORANG,2018
15,32,JAWA BARAT,3273,KOTA BANDUNG,APRIL,KORIDOR 3 (CICAHEUM - SARIJADI),16463,ORANG,2018
16,32,JAWA BARAT,3273,KOTA BANDUNG,APRIL,KORIDOR 4 (ANTAPANI - LEUWIPANJANG),6768,ORANG,2018
17,32,JAWA BARAT,3273,KOTA BANDUNG,MEI,KORIDOR 1 (CIBIRU - CIBEUREUM),20663,ORANG,2018
18,32,JAWA BARAT,3273,KOTA BANDUNG,MEI,KORIDOR 2 (CICAHEUM - CIBEUREUM),17058,ORANG,2018
19,32,JAWA BARAT,3273,KOTA BANDUNG,MEI,KORIDOR 3 (CICAHEUM - SARIJADI),12334,ORANG,2018
20,32,JAWA BARAT,3273,KOTA BANDUNG,MEI,KORIDOR 4 (ANTAPANI - LEUWIPANJANG),5560,ORANG,2018
21,32,JAWA BARAT,3273,KOTA BANDUNG,JUNI,KORIDOR 1 (CIBIRU - CIBEUREUM),27914,ORANG,2018
22,32,JAWA BARAT,3273,KOTA BANDUNG,JUNI,KORIDOR 2 (CICAHEUM - CIBEUREUM),24113,ORANG,2018
23,32,JAWA BARAT,3273,KOTA BANDUNG,JUNI,KORIDOR 3 (CICAHEUM - SARIJADI),14763,ORANG,2018
24,32,JAWA BARAT,3273,KOTA BANDUNG,JUNI,KORIDOR 4 (ANTAPANI - LEUWIPANJANG),8566,ORANG,2018
25,32,JAWA BARAT,3273,KOTA BANDUNG,JULI,KORIDOR 1 (CIBIRU - CIBEUREUM),34043,ORANG,2018
26,32,JAWA BARAT,3273,KOTA BANDUNG,JULI,KORIDOR 2 (CICAHEUM - CIBEUREUM),33949,ORANG,2018
27,32,JAWA BARAT,3273,KOTA BANDUNG,JULI,KORIDOR 3 (CICAHEUM - SARIJADI),19928,ORANG,2018
28,32,JAWA BARAT,3273,KOTA BANDUNG,JULI,KORIDOR 4 (ANTAPANI - LEUWIPANJANG),10318,ORANG,2018
29,32,JAWA BARAT,3273,KOTA BANDUNG,AGUSTUS,KORIDOR 1 (CIBIRU - CIBEUREUM),32087,ORANG,2018
30,32,JAWA BARAT,3273,KOTA BANDUNG,AGUSTUS,KORIDOR 2 (CICAHEUM - CIBEUREUM),30614,ORANG,2018
31,32,JAWA BARAT,3273,KOTA BANDUNG,AGUSTUS,KORIDOR 3 (CICAHEUM - SARIJADI),15686,ORANG,2018
32,32,JAWA BARAT,3273,KOTA BANDUNG,AGUSTUS,KORIDOR 4 (ANTAPANI - LEUWIPANJANG),11110,ORANG,2018
33,32,JAWA BARAT,3273,KOTA BANDUNG,SEPTEMBER,KORIDOR 1 (CIBIRU - CIBEUREUM),32445,ORANG,2018
34,32,JAWA BARAT,3273,KOTA BANDUNG,SEPTEMBER,KORIDOR 2 (CICAHEUM - CIBEUREUM),31869,ORANG,2018
35,32,JAWA BARAT,3273,KOTA BANDUNG,SEPTEMBER,KORIDOR 3 (CICAHEUM - SARIJADI),17444,ORANG,2018
36,32,JAWA BARAT,3273,KOTA BANDUNG,SEPTEMBER,KORIDOR 4 (ANTAPANI - LEUWIPANJANG),11858,ORANG,2018
37,32,JAWA BARAT,3273,KOTA BANDUNG,OKTOBER,KORIDOR 1 (CIBIRU - CIBEUREUM),35037,ORANG,2018
38,32,JAWA BARAT,3273,KOTA BANDUNG,OKTOBER,KORIDOR 2 (CICAHEUM - CIBEUREUM),32956,ORANG,2018
39,32,JAWA BARAT,3273,KOTA BANDUNG,OKTOBER,KORIDOR 3 (CICAHEUM - SARIJADI),20869,ORANG,2018
40,32,JAWA BARAT,3273,KOTA BANDUNG,OKTOBER,KORIDOR 4 (ANTAPANI - LEUWIPANJANG),11509,ORANG,2018
41,32,JAWA BARAT,3273,KOTA BANDUNG,NOVEMBER,KORIDOR 1 (CIBIRU - CIBEUREUM),34045,ORANG,2018
42,32,JAWA BARAT,3273,KOTA BANDUNG,NOVEMBER,KORIDOR 2 (CICAHEUM - CIBEUREUM),33414,ORANG,2018
43,32,JAWA BARAT,3273,KOTA BANDUNG,NOVEMBER,KORIDOR 3 (CICAHEUM - SARIJADI),21118,ORANG,2018
44,32,JAWA BARAT,3273,KOTA BANDUNG,NOVEMBER,KORIDOR 4 (ANTAPANI - LEUWIPANJANG),11567,ORANG,2018
45,32,JAWA BARAT,3273,KOTA BANDUNG,DESEMBER,KORIDOR 1 (CIBIRU - CIBEUREUM),35114,ORANG,2018
46,32,JAWA BARAT,3273,KOTA BANDUNG,DESEMBER,KORIDOR 2 (CICAHEUM - CIBEUREUM),33708,ORANG,2018
47,32,JAWA BARAT,3273,KOTA BANDUNG,DESEMBER,KORIDOR 3 (CICAHEUM - SARIJADI),17871,ORANG,2018
48,32,JAWA BARAT,3273,KOTA BANDUNG,DESEMBER,KORIDOR 4 (ANTAPANI - LEUWIPANJANG),11609,ORANG,2018
49,32,JAWA BARAT,3273,KOTA BANDUNG,JANUARI,KORIDOR 1 (CIBIRU - CIBEUREUM),32917,ORANG,2019
50,32,JAWA BARAT,3273,KOTA BANDUNG,JANUARI,KORIDOR 2 (CICAHEUM - CIBEUREUM),29998,ORANG,2019
51,32,JAWA BARAT,3273,KOTA BANDUNG,JANUARI,KORIDOR 3 (CICAHEUM - SARIJADI),17290,ORANG,2019
52,32,JAWA BARAT,3273,KOTA BANDUNG,JANUARI,KORIDOR 4 (ANTAPANI - LEUWIPANJANG),9893,ORANG,2019
53,32,JAWA BARAT,3273,KOTA BANDUNG,JANUARI,KORIDOR 5 (ANTAPANI - ST.HALL),0,ORANG,2019
54,32,JAWA BARAT,3273,KOTA BANDUNG,FEBRUARI,KORIDOR 1 (CIBIRU - CIBEUREUM),31371,ORANG,2019
55,32,JAWA BARAT,3273,KOTA BANDUNG,FEBRUARI,KORIDOR 2 (CICAHEUM - CIBEUREUM),28070,ORANG,2019
56,32,JAWA BARAT,3273,KOTA BANDUNG,FEBRUARI,KORIDOR 3 (CICAHEUM - SARIJADI),15520,ORANG,2019
57,32,JAWA BARAT,3273,KOTA BANDUNG,FEBRUARI,KORIDOR 4 (ANTAPANI - LEUWIPANJANG),9535,ORANG,2019
58,32,JAWA BARAT,3273,KOTA BANDUNG,FEBRUARI,KORIDOR 5 (ANTAPANI - ST.HALL),0,ORANG,2019
59,32,JAWA BARAT,3273,KOTA BANDUNG,MARET,KORIDOR 1 (CIBIRU - CIBEUREUM),31413,ORANG,2019
60,32,JAWA BARAT,3273,KOTA BANDUNG,MARET,KORIDOR 2 (CICAHEUM - CIBEUREUM),27013,ORANG,2019
61,32,JAWA BARAT,3273,KOTA BANDUNG,MARET,KORIDOR 3 (CICAHEUM - SARIJADI),16479,ORANG,2019
62,32,JAWA BARAT,3273,KOTA BANDUNG,MARET,KORIDOR 4 (ANTAPANI - LEUWIPANJANG),7558,ORANG,2019
63,32,JAWA BARAT,3273,KOTA BANDUNG,MARET,KORIDOR 5 (ANTAPANI - ST.HALL),0,ORANG,2019
64,32,JAWA BARAT,3273,KOTA BANDUNG,APRIL,KORIDOR 1 (CIBIRU - CIBEUREUM),16202,ORANG,2019
65,32,JAWA BARAT,3273,KOTA BANDUNG,APRIL,KORIDOR 2 (CICAHEUM - CIBEUREUM),19258,ORANG,2019
66,32,JAWA BARAT,3273,KOTA BANDUNG,APRIL,KORIDOR 3 (CICAHEUM - SARIJADI),13833,ORANG,2019
67,32,JAWA BARAT,3273,KOTA BANDUNG,APRIL,KORIDOR 4 (ANTAPANI - LEUWIPANJANG),6430,ORANG,2019
68,32,JAWA BARAT,3273,KOTA BANDUNG,APRIL,KORIDOR 5 (ANTAPANI - ST.HALL),0,ORANG,2019
69,32,JAWA BARAT,3273,KOTA BANDUNG,MEI,KORIDOR 1 (CIBIRU - CIBEUREUM),22246,ORANG,2019
70,32,JAWA BARAT,3273,KOTA BANDUNG,MEI,KORIDOR 2 (CICAHEUM - CIBEUREUM),18181,ORANG,2019
71,32,JAWA BARAT,3273,KOTA BANDUNG,MEI,KORIDOR 3 (CICAHEUM - SARIJADI),13135,ORANG,2019
72,32,JAWA BARAT,3273,KOTA BANDUNG,MEI,KORIDOR 4 (ANTAPANI - LEUWIPANJANG),8025,ORANG,2019
73,32,JAWA BARAT,3273,KOTA BANDUNG,MEI,KORIDOR 5 (ANTAPANI - ST.HALL),0,ORANG,2019
74,32,JAWA BARAT,3273,KOTA BANDUNG,JUNI,KORIDOR 1 (CIBIRU - CIBEUREUM),23828,ORANG,2019
75,32,JAWA BARAT,3273,KOTA BANDUNG,JUNI,KORIDOR 2 (CICAHEUM - CIBEUREUM),22794,ORANG,2019
76,32,JAWA BARAT,3273,KOTA BANDUNG,JUNI,KORIDOR 3 (CICAHEUM - SARIJADI),13153,ORANG,2019
77,32,JAWA BARAT,3273,KOTA BANDUNG,JUNI,KORIDOR 4 (ANTAPANI - LEUWIPANJANG),9215,ORANG,2019
78,32,JAWA BARAT,3273,KOTA BANDUNG,JUNI,KORIDOR 5 (ANTAPANI - ST.HALL),0,ORANG,2019
79,32,JAWA BARAT,3273,KOTA BANDUNG,JULI,KORIDOR 1 (CIBIRU - CIBEUREUM),29286,ORANG,2019
80,32,JAWA BARAT,3273,KOTA BANDUNG,JULI,KORIDOR 2 (CICAHEUM - CIBEUREUM),27203,ORANG,2019
81,32,JAWA BARAT,3273,KOTA BANDUNG,JULI,KORIDOR 3 (CICAHEUM - SARIJADI),15162,ORANG,2019
82,32,JAWA BARAT,3273,KOTA BANDUNG,JULI,KORIDOR 4 (ANTAPANI - LEUWIPANJANG),10676,ORANG,2019
83,32,JAWA BARAT,3273,KOTA BANDUNG,JULI,KORIDOR 5 (ANTAPANI - ST.HALL),0,ORANG,2019
84,32,JAWA BARAT,3273,KOTA BANDUNG,AGUSTUS,KORIDOR 1 (CIBIRU - CIBEUREUM),27190,ORANG,2019
85,32,JAWA BARAT,3273,KOTA BANDUNG,AGUSTUS,KORIDOR 2 (CICAHEUM - CIBEUREUM),23391,ORANG,2019
86,32,JAWA BARAT,3273,KOTA BANDUNG,AGUSTUS,KORIDOR 3 (CICAHEUM - SARIJADI),12901,ORANG,2019
87,32,JAWA BARAT,3273,KOTA BANDUNG,AGUSTUS,KORIDOR 4 (ANTAPANI - LEUWIPANJANG),9745,ORANG,2019
88,32,JAWA BARAT,3273,KOTA BANDUNG,AGUSTUS,KORIDOR 5 (ANTAPANI - ST.HALL),0,ORANG,2019
89,32,JAWA BARAT,3273,KOTA BANDUNG,SEPTEMBER,KORIDOR 1 (CIBIRU - CIBEUREUM),24265,ORANG,2019
90,32,JAWA BARAT,3273,KOTA BANDUNG,SEPTEMBER,KORIDOR 2 (CICAHEUM - CIBEUREUM),25862,ORANG,2019
91,32,JAWA BARAT,3273,KOTA BANDUNG,SEPTEMBER,KORIDOR 3 (CICAHEUM - SARIJADI),14252,ORANG,2019
92,32,JAWA BARAT,3273,KOTA BANDUNG,SEPTEMBER,KORIDOR 4 (ANTAPANI - LEUWIPANJANG),10260,ORANG,2019
93,32,JAWA BARAT,3273,KOTA BANDUNG,SEPTEMBER,KORIDOR 5 (ANTAPANI - ST.HALL),0,ORANG,2019
94,32,JAWA BARAT,3273,KOTA BANDUNG,OKTOBER,KORIDOR 1 (CIBIRU - CIBEUREUM),25126,ORANG,2019
95,32,JAWA BARAT,3273,KOTA BANDUNG,OKTOBER,KORIDOR 2 (CICAHEUM - CIBEUREUM),24336,ORANG,2019
96,32,JAWA BARAT,3273,KOTA BANDUNG,OKTOBER,KORIDOR 3 (CICAHEUM - SARIJADI),13662,ORANG,2019
97,32,JAWA BARAT,3273,KOTA BANDUNG,OKTOBER,KORIDOR 4 (ANTAPANI - LEUWIPANJANG),10406,ORANG,2019
98,32,JAWA BARAT,3273,KOTA BANDUNG,OKTOBER,KORIDOR 5 (ANTAPANI - ST.HALL),0,ORANG,2019
99,32,JAWA BARAT,3273,KOTA BANDUNG,NOVEMBER,KORIDOR 1 (CIBIRU - CIBEUREUM),22369,ORANG,2019
100,32,JAWA BARAT,3273,KOTA BANDUNG,NOVEMBER,KORIDOR 2 (CICAHEUM - CIBEUREUM),16685,ORANG,2019
101,32,JAWA BARAT,3273,KOTA BANDUNG,NOVEMBER,KORIDOR 3 (CICAHEUM - SARIJADI),12350,ORANG,2019
102,32,JAWA BARAT,3273,KOTA BANDUNG,NOVEMBER,KORIDOR 4 (ANTAPANI - LEUWIPANJANG),9310,ORANG,2019
103,32,JAWA BARAT,3273,KOTA BANDUNG,NOVEMBER,KORIDOR 5 (ANTAPANI - ST.HALL),427,ORANG,2019
104,32,JAWA BARAT,3273,KOTA BANDUNG,DESEMBER,KORIDOR 1 (CIBIRU - CIBEUREUM),25558,ORANG,2019
105,32,JAWA BARAT,3273,KOTA BANDUNG,DESEMBER,KORIDOR 2 (CICAHEUM - CIBEUREUM),17865,ORANG,2019
106,32,JAWA BARAT,3273,KOTA BANDUNG,DESEMBER,KORIDOR 3 (CICAHEUM - SARIJADI),12010,ORANG,2019
107,32,JAWA BARAT,3273,KOTA BANDUNG,DESEMBER,KORIDOR 4 (ANTAPANI - LEUWIPANJANG),8796,ORANG,2019
108,32,JAWA BARAT,3273,KOTA BANDUNG,DESEMBER,KORIDOR 5 (ANTAPANI - ST.HALL),1122,ORANG,2019
109,32,JAWA BARAT,3273,KOTA BANDUNG,JANUARI,KORIDOR 1 (CIBIRU - CIBEUREUM),21619,ORANG,2020
110,32,JAWA BARAT,3273,KOTA BANDUNG,JANUARI,KORIDOR 2 (CICAHEUM - CIBEUREUM),20668,ORANG,2020
111,32,JAWA BARAT,3273,KOTA BANDUNG,JANUARI,KORIDOR 3 (CICAHEUM - SARIJADI),13434,ORANG,2020
112,32,JAWA BARAT,3273,KOTA BANDUNG,JANUARI,KORIDOR 4 (ANTAPANI - LEUWIPANJANG),8226,ORANG,2020
113,32,JAWA BARAT,3273,KOTA BANDUNG,JANUARI,KORIDOR 5 (ANTAPANI - ST.HALL),2227,ORANG,2020
114,32,JAWA BARAT,3273,KOTA BANDUNG,FEBRUARI,KORIDOR 1 (CIBIRU - CIBEUREUM),23345,ORANG,2020
115,32,JAWA BARAT,3273,KOTA BANDUNG,FEBRUARI,KORIDOR 2 (CICAHEUM - CIBEUREUM),21621,ORANG,2020
116,32,JAWA BARAT,3273,KOTA BANDUNG,FEBRUARI,KORIDOR 3 (CICAHEUM - SARIJADI),11252,ORANG,2020
117,32,JAWA BARAT,3273,KOTA BANDUNG,FEBRUARI,KORIDOR 4 (ANTAPANI - LEUWIPANJANG),7427,ORANG,2020
118,32,JAWA BARAT,3273,KOTA BANDUNG,FEBRUARI,KORIDOR 5 (ANTAPANI - ST.HALL),1782,ORANG,2020
119,32,JAWA BARAT,3273,KOTA BANDUNG,MARET,KORIDOR 1 (CIBIRU - CIBEUREUM),20155,ORANG,2020
120,32,JAWA BARAT,3273,KOTA BANDUNG,MARET,KORIDOR 2 (CICAHEUM - CIBEUREUM),17397,ORANG,2020
121,32,JAWA BARAT,3273,KOTA BANDUNG,MARET,KORIDOR 3 (CICAHEUM - SARIJADI),8652,ORANG,2020
122,32,JAWA BARAT,3273,KOTA BANDUNG,MARET,KORIDOR 4 (ANTAPANI - LEUWIPANJANG),6163,ORANG,2020
123,32,JAWA BARAT,3273,KOTA BANDUNG,MARET,KORIDOR 5 (ANTAPANI - ST.HALL),1425,ORANG,2020
124,32,JAWA BARAT,3273,KOTA BANDUNG,APRIL,KORIDOR 1 (CIBIRU - CIBEUREUM),4791,ORANG,2020
125,32,JAWA BARAT,3273,KOTA BANDUNG,APRIL,KORIDOR 2 (CICAHEUM - CIBEUREUM),3678,ORANG,2020
126,32,JAWA BARAT,3273,KOTA BANDUNG,APRIL,KORIDOR 3 (CICAHEUM - SARIJADI),1020,ORANG,2020
127,32,JAWA BARAT,3273,KOTA BANDUNG,APRIL,KORIDOR 4 (ANTAPANI - LEUWIPANJANG),903,ORANG,2020
128,32,JAWA BARAT,3273,KOTA BANDUNG,APRIL,KORIDOR 5 (ANTAPANI - ST.HALL),219,ORANG,2020
129,32,JAWA BARAT,3273,KOTA BANDUNG,MEI,KORIDOR 1 (CIBIRU - CIBEUREUM),4872,ORANG,2020
130,32,JAWA BARAT,3273,KOTA BANDUNG,MEI,KORIDOR 2 (CICAHEUM - CIBEUREUM),2866,ORANG,2020
131,32,JAWA BARAT,3273,KOTA BANDUNG,MEI,KORIDOR 3 (CICAHEUM - SARIJADI),1349,ORANG,2020
132,32,JAWA BARAT,3273,KOTA BANDUNG,MEI,KORIDOR 4 (ANTAPANI - LEUWIPANJANG),1120,ORANG,2020
133,32,JAWA BARAT,3273,KOTA BANDUNG,MEI,KORIDOR 5 (ANTAPANI - ST.HALL),578,ORANG,2020
134,32,JAWA BARAT,3273,KOTA BANDUNG,JUNI,KORIDOR 1 (CIBIRU - CIBEUREUM),5723,ORANG,2020
135,32,JAWA BARAT,3273,KOTA BANDUNG,JUNI,KORIDOR 2 (CICAHEUM - CIBEUREUM),3494,ORANG,2020
136,32,JAWA BARAT,3273,KOTA BANDUNG,JUNI,KORIDOR 3 (CICAHEUM - SARIJADI),2147,ORANG,2020
137,32,JAWA BARAT,3273,KOTA BANDUNG,JUNI,KORIDOR 4 (ANTAPANI - LEUWIPANJANG),1150,ORANG,2020
138,32,JAWA BARAT,3273,KOTA BANDUNG,JUNI,KORIDOR 5 (ANTAPANI - ST.HALL),911,ORANG,2020
139,32,JAWA BARAT,3273,KOTA BANDUNG,JULI,KORIDOR 1 (CIBIRU - CIBEUREUM),7922,ORANG,2020
140,32,JAWA BARAT,3273,KOTA BANDUNG,JULI,KORIDOR 2 (CICAHEUM - CIBEUREUM),6018,ORANG,2020
141,32,JAWA BARAT,3273,KOTA BANDUNG,JULI,KORIDOR 3 (CICAHEUM - SARIJADI),3725,ORANG,2020
142,32,JAWA BARAT,3273,KOTA BANDUNG,JULI,KORIDOR 4 (ANTAPANI - LEUWIPANJANG),2837,ORANG,2020
143,32,JAWA BARAT,3273,KOTA BANDUNG,JULI,KORIDOR 5 (ANTAPANI - ST.HALL),1290,ORANG,2020
144,32,JAWA BARAT,3273,KOTA BANDUNG,AGUSTUS,KORIDOR 1 (CIBIRU - CIBEUREUM),9109,ORANG,2020
145,32,JAWA BARAT,3273,KOTA BANDUNG,AGUSTUS,KORIDOR 2 (CICAHEUM - CIBEUREUM),6891,ORANG,2020
146,32,JAWA BARAT,3273,KOTA BANDUNG,AGUSTUS,KORIDOR 3 (CICAHEUM - SARIJADI),3728,ORANG,2020
147,32,JAWA BARAT,3273,KOTA BANDUNG,AGUSTUS,KORIDOR 4 (ANTAPANI - LEUWIPANJANG),3508,ORANG,2020
148,32,JAWA BARAT,3273,KOTA BANDUNG,AGUSTUS,KORIDOR 5 (ANTAPANI - ST.HALL),1436,ORANG,2020
149,32,JAWA BARAT,3273,KOTA BANDUNG,SEPTEMBER,KORIDOR 1 (CIBIRU - CIBEUREUM),6860,ORANG,2020
150,32,JAWA BARAT,3273,KOTA BANDUNG,SEPTEMBER,KORIDOR 2 (CICAHEUM - CIBEUREUM),6101,ORANG,2020
151,32,JAWA BARAT,3273,KOTA BANDUNG,SEPTEMBER,KORIDOR 3 (CICAHEUM - SARIJADI),3026,ORANG,2020
152,32,JAWA BARAT,3273,KOTA BANDUNG,SEPTEMBER,KORIDOR 4 (ANTAPANI - LEUWIPANJANG),2875,ORANG,2020
153,32,JAWA BARAT,3273,KOTA BANDUNG,SEPTEMBER,KORIDOR 5 (ANTAPANI - ST.HALL),1699,ORANG,2020
154,32,JAWA BARAT,3273,KOTA BANDUNG,OKTOBER,KORIDOR 1 (CIBIRU - CIBEUREUM),7119,ORANG,2020
155,32,JAWA BARAT,3273,KOTA BANDUNG,OKTOBER,KORIDOR 2 (CICAHEUM - CIBEUREUM),6552,ORANG,2020
156,32,JAWA BARAT,3273,KOTA BANDUNG,OKTOBER,KORIDOR 3 (CICAHEUM - SARIJADI),2953,ORANG,2020
157,32,JAWA BARAT,3273,KOTA BANDUNG,OKTOBER,KORIDOR 4 (ANTAPANI - LEUWIPANJANG),2686,ORANG,2020
158,32,JAWA BARAT,3273,KOTA BANDUNG,OKTOBER,KORIDOR 5 (ANTAPANI - ST.HALL),1532,ORANG,2020
159,32,JAWA BARAT,3273,KOTA BANDUNG,NOVEMBER,KORIDOR 1 (CIBIRU - CIBEUREUM),11140,ORANG,2020
160,32,JAWA BARAT,3273,KOTA BANDUNG,NOVEMBER,KORIDOR 2 (CICAHEUM - CIBEUREUM),9388,ORANG,2020
161,32,JAWA BARAT,3273,KOTA BANDUNG,NOVEMBER,KORIDOR 3 (CICAHEUM - SARIJADI),4109,ORANG,2020
162,32,JAWA BARAT,3273,KOTA BANDUNG,NOVEMBER,KORIDOR 4 (ANTAPANI - LEUWIPANJANG),3385,ORANG,2020
163,32,JAWA BARAT,3273,KOTA BANDUNG,NOVEMBER,KORIDOR 5 (ANTAPANI - ST.HALL),2178,ORANG,2020
164,32,JAWA BARAT,3273,KOTA BANDUNG,DESEMBER,KORIDOR 1 (CIBIRU - CIBEUREUM),7546,ORANG,2020
165,32,JAWA BARAT,3273,KOTA BANDUNG,DESEMBER,KORIDOR 2 (CICAHEUM - CIBEUREUM),7541,ORANG,2020
166,32,JAWA BARAT,3273,KOTA BANDUNG,DESEMBER,KORIDOR 3 (CICAHEUM - SARIJADI),3329,ORANG,2020
167,32,JAWA BARAT,3273,KOTA BANDUNG,DESEMBER,KORIDOR 4 (ANTAPANI - LEUWIPANJANG),2324,ORANG,2020
168,32,JAWA BARAT,3273,KOTA BANDUNG,DESEMBER,KORIDOR 5 (ANTAPANI - ST.HALL),1728,ORANG,2020
169,32,JAWA BARAT,3273,KOTA BANDUNG,JANUARI,KORIDOR 1 (CIBIRU - CIBEUREUM),7564,ORANG,2021
170,32,JAWA BARAT,3273,KOTA BANDUNG,JANUARI,KORIDOR 2 (CICAHEUM - CIBEUREUM),6775,ORANG,2021
171,32,JAWA BARAT,3273,KOTA BANDUNG,JANUARI,KORIDOR 3 (CICAHEUM - SARIJADI),2412,ORANG,2021
172,32,JAWA BARAT,3273,KOTA BANDUNG,JANUARI,KORIDOR 4 (ANTAPANI - LEUWIPANJANG),1852,ORANG,2021
173,32,JAWA BARAT,3273,KOTA BANDUNG,JANUARI,KORIDOR 5 (ANTAPANI - ST.HALL),1027,ORANG,2021
174,32,JAWA BARAT,3273,KOTA BANDUNG,FEBRUARI,KORIDOR 1 (CIBIRU - CIBEUREUM),9189,ORANG,2021
175,32,JAWA BARAT,3273,KOTA BANDUNG,FEBRUARI,KORIDOR 2 (CICAHEUM - CIBEUREUM),7426,ORANG,2021
176,32,JAWA BARAT,3273,KOTA BANDUNG,FEBRUARI,KORIDOR 3 (CICAHEUM - SARIJADI),3049,ORANG,2021
177,32,JAWA BARAT,3273,KOTA BANDUNG,FEBRUARI,KORIDOR 4 (ANTAPANI - LEUWIPANJANG),2223,ORANG,2021
178,32,JAWA BARAT,3273,KOTA BANDUNG,FEBRUARI,KORIDOR 5 (ANTAPANI - ST.HALL),1186,ORANG,2021
179,32,JAWA BARAT,3273,KOTA BANDUNG,MARET,KORIDOR 1 (CIBIRU - CIBEUREUM),10933,ORANG,2021
180,32,JAWA BARAT,3273,KOTA BANDUNG,MARET,KORIDOR 2 (CICAHEUM - CIBEUREUM),8962,ORANG,2021
181,32,JAWA BARAT,3273,KOTA BANDUNG,MARET,KORIDOR 3 (CICAHEUM - SARIJADI),3645,ORANG,2021
182,32,JAWA BARAT,3273,KOTA BANDUNG,MARET,KORIDOR 4 (ANTAPANI - LEUWIPANJANG),3328,ORANG,2021
183,32,JAWA BARAT,3273,KOTA BANDUNG,MARET,KORIDOR 5 (ANTAPANI - ST.HALL),1394,ORANG,2021
184,32,JAWA BARAT,3273,KOTA BANDUNG,APRIL,KORIDOR 1 (CIBIRU - CIBEUREUM),10232,ORANG,2021
185,32,JAWA BARAT,3273,KOTA BANDUNG,APRIL,KORIDOR 2 (CICAHEUM - CIBEUREUM),8035,ORANG,2021
186,32,JAWA BARAT,3273,KOTA BANDUNG,APRIL,KORIDOR 3 (CICAHEUM - SARIJADI),3207,ORANG,2021
187,32,JAWA BARAT,3273,KOTA BANDUNG,APRIL,KORIDOR 4 (ANTAPANI - LEUWIPANJANG),3081,ORANG,2021
188,32,JAWA BARAT,3273,KOTA BANDUNG,APRIL,KORIDOR 5 (ANTAPANI - ST.HALL),1292,ORANG,2021
189,32,JAWA BARAT,3273,KOTA BANDUNG,MEI,KORIDOR 1 (CIBIRU - CIBEUREUM),9940,ORANG,2021
190,32,JAWA BARAT,3273,KOTA BANDUNG,MEI,KORIDOR 2 (CICAHEUM - CIBEUREUM),8073,ORANG,2021
191,32,JAWA BARAT,3273,KOTA BANDUNG,MEI,KORIDOR 3 (CICAHEUM - SARIJADI),3353,ORANG,2021
192,32,JAWA BARAT,3273,KOTA BANDUNG,MEI,KORIDOR 4 (ANTAPANI - LEUWIPANJANG),3188,ORANG,2021
193,32,JAWA BARAT,3273,KOTA BANDUNG,MEI,KORIDOR 5 (ANTAPANI - ST.HALL),1306,ORANG,2021
194,32,JAWA BARAT,3273,KOTA BANDUNG,JUNI,KORIDOR 1 (CIBIRU - CIBEUREUM),9818,ORANG,2021
195,32,JAWA BARAT,3273,KOTA BANDUNG,JUNI,KORIDOR 2 (CICAHEUM - CIBEUREUM),8321,ORANG,2021
196,32,JAWA BARAT,3273,KOTA BANDUNG,JUNI,KORIDOR 3 (CICAHEUM - SARIJADI),5107,ORANG,2021
197,32,JAWA BARAT,3273,KOTA BANDUNG,JUNI,KORIDOR 4 (ANTAPANI - LEUWIPANJANG),3188,ORANG,2021
198,32,JAWA BARAT,3273,KOTA BANDUNG,JUNI,KORIDOR 5 (ANTAPANI - ST.HALL),1201,ORANG,2021
199,32,JAWA BARAT,3273,KOTA BANDUNG,JULI,KORIDOR 1 (CIBIRU - CIBEUREUM),4816,ORANG,2021
200,32,JAWA BARAT,3273,KOTA BANDUNG,JULI,KORIDOR 2 (CICAHEUM - CIBEUREUM),3867,ORANG,2021
201,32,JAWA BARAT,3273,KOTA BANDUNG,JULI,KORIDOR 3 (CICAHEUM - SARIJADI),2543,ORANG,2021
202,32,JAWA BARAT,3273,KOTA BANDUNG,JULI,KORIDOR 4 (ANTAPANI - LEUWIPANJANG),1122,ORANG,2021
203,32,JAWA BARAT,3273,KOTA BANDUNG,JULI,KORIDOR 5 (ANTAPANI - ST.HALL),405,ORANG,2021
204,32,JAWA BARAT,3273,KOTA BANDUNG,AGUSTUS,KORIDOR 1 (CIBIRU - CIBEUREUM),7765,ORANG,2021
205,32,JAWA BARAT,3273,KOTA BANDUNG,AGUSTUS,KORIDOR 2 (CICAHEUM - CIBEUREUM),6756,ORANG,2021
206,32,JAWA BARAT,3273,KOTA BANDUNG,AGUSTUS,KORIDOR 3 (CICAHEUM - SARIJADI),4280,ORANG,2021
207,32,JAWA BARAT,3273,KOTA BANDUNG,AGUSTUS,KORIDOR 4 (ANTAPANI - LEUWIPANJANG),3219,ORANG,2021
208,32,JAWA BARAT,3273,KOTA BANDUNG,AGUSTUS,KORIDOR 5 (ANTAPANI - ST.HALL),1228,ORANG,2021
209,32,JAWA BARAT,3273,KOTA BANDUNG,SEPTEMBER,KORIDOR 1 (CIBIRU - CIBEUREUM),9814,ORANG,2021
210,32,JAWA BARAT,3273,KOTA BANDUNG,SEPTEMBER,KORIDOR 2 (CICAHEUM - CIBEUREUM),9318,ORANG,2021
211,32,JAWA BARAT,3273,KOTA BANDUNG,SEPTEMBER,KORIDOR 3 (CICAHEUM - SARIJADI),4077,ORANG,2021
212,32,JAWA BARAT,3273,KOTA BANDUNG,SEPTEMBER,KORIDOR 4 (ANTAPANI - LEUWIPANJANG),3422,ORANG,2021
213,32,JAWA BARAT,3273,KOTA BANDUNG,SEPTEMBER,KORIDOR 5 (ANTAPANI - ST.HALL),1300,ORANG,2021
214,32,JAWA BARAT,3273,KOTA BANDUNG,OKTOBER,KORIDOR 1 (CIBIRU - CIBEUREUM),10427,ORANG,2021
215,32,JAWA BARAT,3273,KOTA BANDUNG,OKTOBER,KORIDOR 2 (CICAHEUM - CIBEUREUM),9953,ORANG,2021
216,32,JAWA BARAT,3273,KOTA BANDUNG,OKTOBER,KORIDOR 3 (CICAHEUM - SARIJADI),4228,ORANG,2021
217,32,JAWA BARAT,3273,KOTA BANDUNG,OKTOBER,KORIDOR 4 (ANTAPANI - LEUWIPANJANG),3699,ORANG,2021
218,32,JAWA BARAT,3273,KOTA BANDUNG,OKTOBER,KORIDOR 5 (ANTAPANI - ST.HALL),1234,ORANG,2021
219,32,JAWA BARAT,3273,KOTA BANDUNG,NOVEMBER,KORIDOR 1 (CIBIRU - CIBEUREUM),19005,ORANG,2021
220,32,JAWA BARAT,3273,KOTA BANDUNG,NOVEMBER,KORIDOR 2 (CICAHEUM - CIBEUREUM),18733,ORANG,2021
221,32,JAWA BARAT,3273,KOTA BANDUNG,NOVEMBER,KORIDOR 3 (CICAHEUM - SARIJADI),5307,ORANG,2021
222,32,JAWA BARAT,3273,KOTA BANDUNG,NOVEMBER,KORIDOR 4 (ANTAPANI - LEUWIPANJANG),4082,ORANG,2021
223,32,JAWA BARAT,3273,KOTA BANDUNG,NOVEMBER,KORIDOR 5 (ANTAPANI - ST.HALL),1189,ORANG,2021
224,32,JAWA BARAT,3273,KOTA BANDUNG,DESEMBER,KORIDOR 1 (CIBIRU - CIBEUREUM),17692,ORANG,2021
225,32,JAWA BARAT,3273,KOTA BANDUNG,DESEMBER,KORIDOR 2 (CICAHEUM - CIBEUREUM),17508,ORANG,2021
226,32,JAWA BARAT,3273,KOTA BANDUNG,DESEMBER,KORIDOR 3 (CICAHEUM - SARIJADI),5157,ORANG,2021
227,32,JAWA BARAT,3273,KOTA BANDUNG,DESEMBER,KORIDOR 4 (ANTAPANI - LEUWIPANJANG),3634,ORANG,2021
228,32,JAWA BARAT,3273,KOTA BANDUNG,DESEMBER,KORIDOR 5 (ANTAPANI - ST.HALL),1174,ORANG,2021
229,32,JAWA BARAT,3273,KOTA BANDUNG,JANUARI,CIBIRU - CIBEUREUM,30536,ORANG,2022
230,32,JAWA BARAT,3273,KOTA BANDUNG,JANUARI,CICAHEUM - CIBEUREUM,29913,ORANG,2022
231,32,JAWA BARAT,3273,KOTA BANDUNG,JANUARI,CICAHEUM - SARIJADI,5873,ORANG,2022
232,32,JAWA BARAT,3273,KOTA BANDUNG,JANUARI,ANTAPANI - LEUWIPANJANG,4619,ORANG,2022
233,32,JAWA BARAT,3273,KOTA BANDUNG,JANUARI,ANTAPANI – ST HALL,1179,ORANG,2022
234,32,JAWA BARAT,3273,KOTA BANDUNG,FEBRUARI,CIBIRU - CIBEUREUM,23331,ORANG,2022
235,32,JAWA BARAT,3273,KOTA BANDUNG,FEBRUARI,CICAHEUM - CIBEUREUM,23554,ORANG,2022
236,32,JAWA BARAT,3273,KOTA BANDUNG,FEBRUARI,CICAHEUM - SARIJADI,3934,ORANG,2022
237,32,JAWA BARAT,3273,KOTA BANDUNG,FEBRUARI,ANTAPANI - LEUWIPANJANG,3631,ORANG,2022
238,32,JAWA BARAT,3273,KOTA BANDUNG,FEBRUARI,ANTAPANI – ST HALL,935,ORANG,2022
239,32,JAWA BARAT,3273,KOTA BANDUNG,MARET,CIBIRU - CIBEUREUM,31159,ORANG,2022
240,32,JAWA BARAT,3273,KOTA BANDUNG,MARET,CICAHEUM - CIBEUREUM,28962,ORANG,2022
241,32,JAWA BARAT,3273,KOTA BANDUNG,MARET,CICAHEUM - SARIJADI,4978,ORANG,2022
242,32,JAWA BARAT,3273,KOTA BANDUNG,MARET,ANTAPANI - LEUWIPANJANG,5006,ORANG,2022
243,32,JAWA BARAT,3273,KOTA BANDUNG,MARET,ANTAPANI – ST HALL,1132,ORANG,2022
244,32,JAWA BARAT,3273,KOTA BANDUNG,APRIL,CIBIRU - CIBEUREUM,23837,ORANG,2022
245,32,JAWA BARAT,3273,KOTA BANDUNG,APRIL,CICAHEUM - CIBEUREUM,17509,ORANG,2022
246,32,JAWA BARAT,3273,KOTA BANDUNG,APRIL,CICAHEUM - SARIJADI,5002,ORANG,2022
247,32,JAWA BARAT,3273,KOTA BANDUNG,APRIL,ANTAPANI - LEUWIPANJANG,3597,ORANG,2022
248,32,JAWA BARAT,3273,KOTA BANDUNG,APRIL,ANTAPANI – ST HALL,848,ORANG,2022
249,32,JAWA BARAT,3273,KOTA BANDUNG,MEI,CIBIRU - CIBEUREUM,27486,ORANG,2022
250,32,JAWA BARAT,3273,KOTA BANDUNG,MEI,CICAHEUM - CIBEUREUM,25379,ORANG,2022
251,32,JAWA BARAT,3273,KOTA BANDUNG,MEI,CICAHEUM - SARIJADI,5724,ORANG,2022
252,32,JAWA BARAT,3273,KOTA BANDUNG,MEI,ANTAPANI - LEUWIPANJANG,3611,ORANG,2022
253,32,JAWA BARAT,3273,KOTA BANDUNG,MEI,ANTAPANI – ST HALL,1016,ORANG,2022
254,32,JAWA BARAT,3273,KOTA BANDUNG,JUNI,CIBIRU - CIBEUREUM,23539,ORANG,2022
255,32,JAWA BARAT,3273,KOTA BANDUNG,JUNI,CICAHEUM - CIBEUREUM,18011,ORANG,2022
256,32,JAWA BARAT,3273,KOTA BANDUNG,JUNI,CICAHEUM - SARIJADI,4890,ORANG,2022
257,32,JAWA BARAT,3273,KOTA BANDUNG,JUNI,ANTAPANI - LEUWIPANJANG,3650,ORANG,2022
258,32,JAWA BARAT,3273,KOTA BANDUNG,JUNI,ANTAPANI – ST HALL,968,ORANG,2022
259,32,JAWA BARAT,3273,KOTA BANDUNG,JULI,CIBIRU - CIBEUREUM,25583,ORANG,2022
260,32,JAWA BARAT,3273,KOTA BANDUNG,JULI,CICAHEUM - CIBEUREUM,16699,ORANG,2022
261,32,JAWA BARAT,3273,KOTA BANDUNG,JULI,CICAHEUM - SARIJADI,5586,ORANG,2022
262,32,JAWA BARAT,3273,KOTA BANDUNG,JULI,ANTAPANI - LEUWIPANJANG,3828,ORANG,2022
263,32,JAWA BARAT,3273,KOTA BANDUNG,JULI,ANTAPANI – ST HALL,1208,ORANG,2022
264,32,JAWA BARAT,3273,KOTA BANDUNG,AGUSTUS,CIBIRU - CIBEUREUM,30654,ORANG,2022
265,32,JAWA BARAT,3273,KOTA BANDUNG,AGUSTUS,CICAHEUM - CIBEUREUM,24120,ORANG,2022
266,32,JAWA BARAT,3273,KOTA BANDUNG,AGUSTUS,CICAHEUM - SARIJADI,6080,ORANG,2022
267,32,JAWA BARAT,3273,KOTA BANDUNG,AGUSTUS,ANTAPANI - LEUWIPANJANG,3431,ORANG,2022
268,32,JAWA BARAT,3273,KOTA BANDUNG,AGUSTUS,ANTAPANI – ST HALL,984,ORANG,2022
269,32,JAWA BARAT,3273,KOTA BANDUNG,SEPTEMBER,CIBIRU - CIBEUREUM,30592,ORANG,2022
270,32,JAWA BARAT,3273,KOTA BANDUNG,SEPTEMBER,CICAHEUM - CIBEUREUM,24934,ORANG,2022
271,32,JAWA BARAT,3273,KOTA BANDUNG,SEPTEMBER,CICAHEUM - SARIJADI,4529,ORANG,2022
272,32,JAWA BARAT,3273,KOTA BANDUNG,SEPTEMBER,ANTAPANI - LEUWIPANJANG,3235,ORANG,2022
273,32,JAWA BARAT,3273,KOTA BANDUNG,SEPTEMBER,ANTAPANI – ST HALL,1255,ORANG,2022
274,32,JAWA BARAT,3273,KOTA BANDUNG,OKTOBER,CIBIRU - CIBEUREUM,31431,ORANG,2022
275,32,JAWA BARAT,3273,KOTA BANDUNG,OKTOBER,CICAHEUM - CIBEUREUM,25765,ORANG,2022
276,32,JAWA BARAT,3273,KOTA BANDUNG,OKTOBER,CICAHEUM - SARIJADI,4909,ORANG,2022
277,32,JAWA BARAT,3273,KOTA BANDUNG,OKTOBER,ANTAPANI - LEUWIPANJANG,3010,ORANG,2022
278,32,JAWA BARAT,3273,KOTA BANDUNG,OKTOBER,ANTAPANI – ST HALL,2890,ORANG,2022
279,32,JAWA BARAT,3273,KOTA BANDUNG,NOVEMBER,CIBIRU - CIBEUREUM,32722,ORANG,2022
280,32,JAWA BARAT,3273,KOTA BANDUNG,NOVEMBER,CICAHEUM - CIBEUREUM,28623,ORANG,2022
281,32,JAWA BARAT,3273,KOTA BANDUNG,NOVEMBER,CICAHEUM - SARIJADI,5787,ORANG,2022
282,32,JAWA BARAT,3273,KOTA BANDUNG,NOVEMBER,ANTAPANI - LEUWIPANJANG,4480,ORANG,2022
283,32,JAWA BARAT,3273,KOTA BANDUNG,NOVEMBER,ANTAPANI – ST HALL,1668,ORANG,2022
284,32,JAWA BARAT,3273,KOTA BANDUNG,DESEMBER,CIBIRU - CIBEUREUM,31939,ORANG,2022
285,32,JAWA BARAT,3273,KOTA BANDUNG,DESEMBER,CICAHEUM - CIBEUREUM,24613,ORANG,2022
286,32,JAWA BARAT,3273,KOTA BANDUNG,DESEMBER,CICAHEUM - SARIJADI,5551,ORANG,2022
287,32,JAWA BARAT,3273,KOTA BANDUNG,DESEMBER,ANTAPANI - LEUWIPANJANG,3844,ORANG,2022
288,32,JAWA BARAT,3273,KOTA BANDUNG,DESEMBER,ANTAPANI – ST HALL,1707,ORANG,2022
289,32,JAWA BARAT,3273,KOTA BANDUNG,JANUARI,CIBIRU - CIBEUREUM,29203,ORANG,2023
290,32,JAWA BARAT,3273,KOTA BANDUNG,JANUARI,CICAHEUM - CIBEUREUM,20579,ORANG,2023
291,32,JAWA BARAT,3273,KOTA BANDUNG,JANUARI,CICAHEUM - SARIJADI,5558,ORANG,2023
292,32,JAWA BARAT,3273,KOTA BANDUNG,JANUARI,ANTAPANI - LEUWIPANJANG,4028,ORANG,2023
293,32,JAWA BARAT,3273,KOTA BANDUNG,JANUARI,ANTAPANI – ST HALL,2791,ORANG,2023
294,32,JAWA BARAT,3273,KOTA BANDUNG,FEBRUARI,CIBIRU - CIBEUREUM,27786,ORANG,2023
295,32,JAWA BARAT,3273,KOTA BANDUNG,FEBRUARI,CICAHEUM - CIBEUREUM,17833,ORANG,2023
296,32,JAWA BARAT,3273,KOTA BANDUNG,FEBRUARI,CICAHEUM - SARIJADI,5232,ORANG,2023
297,32,JAWA BARAT,3273,KOTA BANDUNG,FEBRUARI,ANTAPANI - LEUWIPANJANG,2603,ORANG,2023
298,32,JAWA BARAT,3273,KOTA BANDUNG,FEBRUARI,ANTAPANI – ST HALL,2404,ORANG,2023
299,32,JAWA BARAT,3273,KOTA BANDUNG,MARET,CIBIRU - CIBEUREUM,30259,ORANG,2023
300,32,JAWA BARAT,3273,KOTA BANDUNG,MARET,CICAHEUM - CIBEUREUM,22566,ORANG,2023
301,32,JAWA BARAT,3273,KOTA BANDUNG,MARET,CICAHEUM - SARIJADI,5423,ORANG,2023
302,32,JAWA BARAT,3273,KOTA BANDUNG,MARET,ANTAPANI - LEUWIPANJANG,2706,ORANG,2023
303,32,JAWA BARAT,3273,KOTA BANDUNG,MARET,ANTAPANI – ST HALL,1360,ORANG,2023
304,32,JAWA BARAT,3273,KOTA BANDUNG,APRIL,CIBIRU - CIBEUREUM,23090,ORANG,2023
305,32,JAWA BARAT,3273,KOTA BANDUNG,APRIL,CICAHEUM - CIBEUREUM,24679,ORANG,2023
306,32,JAWA BARAT,3273,KOTA BANDUNG,APRIL,CICAHEUM - SARIJADI,3739,ORANG,2023
307,32,JAWA BARAT,3273,KOTA BANDUNG,APRIL,ANTAPANI - LEUWIPANJANG,2798,ORANG,2023
308,32,JAWA BARAT,3273,KOTA BANDUNG,APRIL,ANTAPANI – ST HALL,1506,ORANG,2023
309,32,JAWA BARAT,3273,KOTA BANDUNG,MEI,CIBIRU - CIBEUREUM,28962,ORANG,2023
310,32,JAWA BARAT,3273,KOTA BANDUNG,MEI,CICAHEUM - CIBEUREUM,31151,ORANG,2023
311,32,JAWA BARAT,3273,KOTA BANDUNG,MEI,CICAHEUM - SARIJADI,4818,ORANG,2023
312,32,JAWA BARAT,3273,KOTA BANDUNG,MEI,ANTAPANI - LEUWIPANJANG,3977,ORANG,2023
313,32,JAWA BARAT,3273,KOTA BANDUNG,MEI,ANTAPANI – ST HALL,2083,ORANG,2023
314,32,JAWA BARAT,3273,KOTA BANDUNG,JUNI,CIBIRU - CIBEUREUM,20977,ORANG,2023
315,32,JAWA BARAT,3273,KOTA BANDUNG,JUNI,CICAHEUM - CIBEUREUM,24065,ORANG,2023
316,32,JAWA BARAT,3273,KOTA BANDUNG,JUNI,CICAHEUM - SARIJADI,3502,ORANG,2023
317,32,JAWA BARAT,3273,KOTA BANDUNG,JUNI,ANTAPANI - LEUWIPANJANG,2621,ORANG,2023
318,32,JAWA BARAT,3273,KOTA BANDUNG,JUNI,ANTAPANI – ST HALL,2429,ORANG,2023
319,32,JAWA BARAT,3273,KOTA BANDUNG,JULI,CIBIRU - CIBEUREUM,22784,ORANG,2023
320,32,JAWA BARAT,3273,KOTA BANDUNG,JULI,CICAHEUM - CIBEUREUM,27641,ORANG,2023
321,32,JAWA BARAT,3273,KOTA BANDUNG,JULI,CICAHEUM - SARIJADI,3928,ORANG,2023
322,32,JAWA BARAT,3273,KOTA BANDUNG,JULI,ANTAPANI - LEUWIPANJANG,2893,ORANG,2023
323,32,JAWA BARAT,3273,KOTA BANDUNG,JULI,ANTAPANI – ST HALL,2508,ORANG,2023
324,32,JAWA BARAT,3273,KOTA BANDUNG,AGUSTUS,CIBIRU - CIBEUREUM,20679,ORANG,2023
325,32,JAWA BARAT,3273,KOTA BANDUNG,AGUSTUS,CICAHEUM - CIBEUREUM,24962,ORANG,2023
326,32,JAWA BARAT,3273,KOTA BANDUNG,AGUSTUS,CICAHEUM - SARIJADI,3303,ORANG,2023
327,32,JAWA BARAT,3273,KOTA BANDUNG,AGUSTUS,ANTAPANI - LEUWIPANJANG,2110,ORANG,2023
328,32,JAWA BARAT,3273,KOTA BANDUNG,AGUSTUS,ANTAPANI – ST HALL,2755,ORANG,2023
329,32,JAWA BARAT,3273,KOTA BANDUNG,SEPTEMBER,CIBIRU - CIBEUREUM,21037,ORANG,2023
330,32,JAWA BARAT,3273,KOTA BANDUNG,SEPTEMBER,CICAHEUM - CIBEUREUM,23531,ORANG,2023
331,32,JAWA BARAT,3273,KOTA BANDUNG,SEPTEMBER,CICAHEUM - SARIJADI,3337,ORANG,2023
332,32,JAWA BARAT,3273,KOTA BANDUNG,SEPTEMBER,ANTAPANI - LEUWIPANJANG,2630,ORANG,2023
333,32,JAWA BARAT,3273,KOTA BANDUNG,SEPTEMBER,ANTAPANI – ST HALL,2027,ORANG,2023
334,32,JAWA BARAT,3273,KOTA BANDUNG,OKTOBER,CIBIRU - CIBEUREUM,25805,ORANG,2023
335,32,JAWA BARAT,3273,KOTA BANDUNG,OKTOBER,CICAHEUM - CIBEUREUM,25689,ORANG,2023
336,32,JAWA BARAT,3273,KOTA BANDUNG,OKTOBER,CICAHEUM - SARIJADI,3968,ORANG,2023
337,32,JAWA BARAT,3273,KOTA BANDUNG,OKTOBER,ANTAPANI - LEUWIPANJANG,3578,ORANG,2023
338,32,JAWA BARAT,3273,KOTA BANDUNG,OKTOBER,ANTAPANI – ST HALL,2136,ORANG,2023
339,32,JAWA BARAT,3273,KOTA BANDUNG,NOVEMBER,CIBIRU - CIBEUREUM,25424,ORANG,2023
340,32,JAWA BARAT,3273,KOTA BANDUNG,NOVEMBER,CICAHEUM - CIBEUREUM,23536,ORANG,2023
341,32,JAWA BARAT,3273,KOTA BANDUNG,NOVEMBER,CICAHEUM - SARIJADI,4635,ORANG,2023
342,32,JAWA BARAT,3273,KOTA BANDUNG,NOVEMBER,ANTAPANI - LEUWIPANJANG,4198,ORANG,2023
343,32,JAWA BARAT,3273,KOTA BANDUNG,NOVEMBER,ANTAPANI – ST HALL,2048,ORANG,2023
344,32,JAWA BARAT,3273,KOTA BANDUNG,DESEMBER,CIBIRU - CIBEUREUM,23375,ORANG,2023
345,32,JAWA BARAT,3273,KOTA BANDUNG,DESEMBER,CICAHEUM - CIBEUREUM,21285,ORANG,2023
346,32,JAWA BARAT,3273,KOTA BANDUNG,DESEMBER,CICAHEUM - SARIJADI,4028,ORANG,2023
347,32,JAWA BARAT,3273,KOTA BANDUNG,DESEMBER,ANTAPANI - LEUWIPANJANG,3979,ORANG,2023
348,32,JAWA BARAT,3273,KOTA BANDUNG,DESEMBER,ANTAPANI – ST HALL,1804,ORANG,2023
349,32,JAWA BARAT,3273,KOTA BANDUNG,JANUARI,KORIDOR 1 (CIBIRU - CIBEUREUM),24111,ORANG,2024
350,32,JAWA BARAT,3273,KOTA BANDUNG,JANUARI,KORIDOR 2 (CICAHEUM - CIBEUREUM),21147,ORANG,2024
351,32,JAWA BARAT,3273,KOTA BANDUNG,JANUARI,KORIDOR 3 (CICAHEUM - SARIJADI),4030,ORANG,2024
352,32,JAWA BARAT,3273,KOTA BANDUNG,JANUARI,KORIDOR 4 (ANTAPANI - LEUWIPANJANG),3730,ORANG,2024
353,32,JAWA BARAT,3273,KOTA BANDUNG,JANUARI,KORIDOR 5 (ANTAPANI - ST. HALL) ,2029,ORANG,2024
354,32,JAWA BARAT,3273,KOTA BANDUNG,FEBRUARI,KORIDOR 1 (CIBIRU - CIBEUREUM),22600,ORANG,2024
355,32,JAWA BARAT,3273,KOTA BANDUNG,FEBRUARI,KORIDOR 2 (CICAHEUM - CIBEUREUM),20234,ORANG,2024
356,32,JAWA BARAT,3273,KOTA BANDUNG,FEBRUARI,KORIDOR 3 (CICAHEUM - SARIJADI),3676,ORANG,2024
357,32,JAWA BARAT,3273,KOTA BANDUNG,FEBRUARI,KORIDOR 4 (ANTAPANI - LEUWIPANJANG),3588,ORANG,2024
358,32,JAWA BARAT,3273,KOTA BANDUNG,FEBRUARI,KORIDOR 5 (ANTAPANI - ST. HALL) ,1616,ORANG,2024
359,32,JAWA BARAT,3273,KOTA BANDUNG,MARET,KORIDOR 1 (CIBIRU - CIBEUREUM),19433,ORANG,2024
360,32,JAWA BARAT,3273,KOTA BANDUNG,MARET,KORIDOR 2 (CICAHEUM - CIBEUREUM),18019,ORANG,2024
361,32,JAWA BARAT,3273,KOTA BANDUNG,MARET,KORIDOR 3 (CICAHEUM - SARIJADI),3800,ORANG,2024
362,32,JAWA BARAT,3273,KOTA BANDUNG,MARET,KORIDOR 4 (ANTAPANI - LEUWIPANJANG),2915,ORANG,2024
363,32,JAWA BARAT,3273,KOTA BANDUNG,MARET,KORIDOR 5 (ANTAPANI - ST. HALL) ,1439,ORANG,2024
364,32,JAWA BARAT,3273,KOTA BANDUNG,APRIL,KORIDOR 1 (CIBIRU - CIBEUREUM),24826,ORANG,2024
365,32,JAWA BARAT,3273,KOTA BANDUNG,APRIL,KORIDOR 2 (CICAHEUM - CIBEUREUM),22771,ORANG,2024
366,32,JAWA BARAT,3273,KOTA BANDUNG,APRIL,KORIDOR 3 (CICAHEUM - SARIJADI),4265,ORANG,2024
367,32,JAWA BARAT,3273,KOTA BANDUNG,APRIL,KORIDOR 4 (ANTAPANI - LEUWIPANJANG),3266,ORANG,2024
368,32,JAWA BARAT,3273,KOTA BANDUNG,APRIL,KORIDOR 5 (ANTAPANI - ST. HALL) ,1756,ORANG,2024
369,32,JAWA BARAT,3273,KOTA BANDUNG,MEI,KORIDOR 1 (CIBIRU - CIBEUREUM),27212,ORANG,2024
370,32,JAWA BARAT,3273,KOTA BANDUNG,MEI,KORIDOR 2 (CICAHEUM - CIBEUREUM),25351,ORANG,2024
371,32,JAWA BARAT,3273,KOTA BANDUNG,MEI,KORIDOR 3 (CICAHEUM - SARIJADI),4533,ORANG,2024
372,32,JAWA BARAT,3273,KOTA BANDUNG,MEI,KORIDOR 4 (ANTAPANI - LEUWIPANJANG),2952,ORANG,2024
373,32,JAWA BARAT,3273,KOTA BANDUNG,MEI,KORIDOR 5 (ANTAPANI - ST. HALL) ,2020,ORANG,2024
374,32,JAWA BARAT,3273,KOTA BANDUNG,JUNI,KORIDOR 1 (CIBIRU - CIBEUREUM),23020,ORANG,2024
375,32,JAWA BARAT,3273,KOTA BANDUNG,JUNI,KORIDOR 2 (CICAHEUM - CIBEUREUM),20878,ORANG,2024
376,32,JAWA BARAT,3273,KOTA BANDUNG,JUNI,KORIDOR 3 (CICAHEUM - SARIJADI),3674,ORANG,2024
377,32,JAWA BARAT,3273,KOTA BANDUNG,JUNI,KORIDOR 4 (ANTAPANI - LEUWIPANJANG),2522,ORANG,2024
378,32,JAWA BARAT,3273,KOTA BANDUNG,JUNI,KORIDOR 5 (ANTAPANI - ST. HALL) ,1292,ORANG,2024
379,32,JAWA BARAT,3273,KOTA BANDUNG,JULI,KORIDOR 1 (CIBIRU - CIBEUREUM),28517,ORANG,2024
380,32,JAWA BARAT,3273,KOTA BANDUNG,JULI,KORIDOR 2 (CICAHEUM - CIBEUREUM),26414,ORANG,2024
381,32,JAWA BARAT,3273,KOTA BANDUNG,JULI,KORIDOR 3 (CICAHEUM - SARIJADI),5517,ORANG,2024
382,32,JAWA BARAT,3273,KOTA BANDUNG,JULI,KORIDOR 4 (ANTAPANI - LEUWIPANJANG),2518,ORANG,2024
383,32,JAWA BARAT,3273,KOTA BANDUNG,JULI,KORIDOR 5 (ANTAPANI - ST. HALL) ,2022,ORANG,2024
384,32,JAWA BARAT,3273,KOTA BANDUNG,AGUSTUS,KORIDOR 1 (CIBIRU - CIBEUREUM),25085,ORANG,2024
385,32,JAWA BARAT,3273,KOTA BANDUNG,AGUSTUS,KORIDOR 2 (CICAHEUM - CIBEUREUM),21292,ORANG,2024
386,32,JAWA BARAT,3273,KOTA BANDUNG,AGUSTUS,KORIDOR 3 (CICAHEUM - SARIJADI),4094,ORANG,2024
387,32,JAWA BARAT,3273,KOTA BANDUNG,AGUSTUS,KORIDOR 4 (ANTAPANI - LEUWIPANJANG),2196,ORANG,2024
388,32,JAWA BARAT,3273,KOTA BANDUNG,AGUSTUS,KORIDOR 5 (ANTAPANI - ST. HALL) ,1760,ORANG,2024
389,32,JAWA BARAT,3273,KOTA BANDUNG,SEPTEMBER,KORIDOR 1 (CIBIRU - CIBEUREUM),20241,ORANG,2024
390,32,JAWA BARAT,3273,KOTA BANDUNG,SEPTEMBER,KORIDOR 2 (CICAHEUM - CIBEUREUM),18873,ORANG,2024
391,32,JAWA BARAT,3273,KOTA BANDUNG,SEPTEMBER,KORIDOR 3 (CICAHEUM - SARIJADI),3229,ORANG,2024
392,32,JAWA BARAT,3273,KOTA BANDUNG,SEPTEMBER,KORIDOR 4 (ANTAPANI - LEUWIPANJANG),1995,ORANG,2024
393,32,JAWA BARAT,3273,KOTA BANDUNG,SEPTEMBER,KORIDOR 5 (ANTAPANI - ST. HALL) ,1462,ORANG,2024
394,32,JAWA BARAT,3273,KOTA BANDUNG,OKTOBER,KORIDOR 1 (CIBIRU - CIBEUREUM),22305,ORANG,2024
395,32,JAWA BARAT,3273,KOTA BANDUNG,OKTOBER,KORIDOR 2 (CICAHEUM - CIBEUREUM),20643,ORANG,2024
396,32,JAWA BARAT,3273,KOTA BANDUNG,OKTOBER,KORIDOR 3 (CICAHEUM - SARIJADI),4080,ORANG,2024
397,32,JAWA BARAT,3273,KOTA BANDUNG,OKTOBER,KORIDOR 4 (ANTAPANI - LEUWIPANJANG),3110,ORANG,2024
398,32,JAWA BARAT,3273,KOTA BANDUNG,OKTOBER,KORIDOR 5 (ANTAPANI - ST. HALL) ,1646,ORANG,2024
399,32,JAWA BARAT,3273,KOTA BANDUNG,NOVEMBER,KORIDOR 1 (CIBIRU - CIBEUREUM),19826,ORANG,2024
400,32,JAWA BARAT,3273,KOTA BANDUNG,NOVEMBER,KORIDOR 2 (CICAHEUM - CIBEUREUM),18818,ORANG,2024
401,32,JAWA BARAT,3273,KOTA BANDUNG,NOVEMBER,KORIDOR 3 (CICAHEUM - SARIJADI),3244,ORANG,2024
402,32,JAWA BARAT,3273,KOTA BANDUNG,NOVEMBER,KORIDOR 4 (ANTAPANI - LEUWIPANJANG),2759,ORANG,2024
403,32,JAWA BARAT,3273,KOTA BANDUNG,NOVEMBER,KORIDOR 5 (ANTAPANI - ST. HALL) ,1491,ORANG,2024
404,32,JAWA BARAT,3273,KOTA BANDUNG,DESEMBER,KORIDOR 1 (CIBIRU - CIBEUREUM),22378,ORANG,2024
405,32,JAWA BARAT,3273,KOTA BANDUNG,DESEMBER,KORIDOR 2 (CICAHEUM - CIBEUREUM),20625,ORANG,2024
406,32,JAWA BARAT,3273,KOTA BANDUNG,DESEMBER,KORIDOR 3 (CICAHEUM - SARIJADI),3364,ORANG,2024
407,32,JAWA BARAT,3273,KOTA BANDUNG,DESEMBER,KORIDOR 4 (ANTAPANI - LEUWIPANJANG),3019,ORANG,2024
408,32,JAWA BARAT,3273,KOTA BANDUNG,DESEMBER,KORIDOR 5 (ANTAPANI - ST. HALL) ,1446,ORANG,2024
